{"cameraMode":{"drawMode":0,"name":"Shaded","section":"Shading Mode"},"sceneLighting":true,"audioPlay":false,"sceneViewState":{"m_AlwaysRefresh":false,"showFog":true,"showSkybox":true,"showFlares":true,"showImageEffects":true,"showParticleSystems":true,"showVisualEffectGraphs":true,"m_FxEnabled":true},"in2DMode":false,"pivot":{"x":1.1681528091430665,"y":-0.14558114111423493,"z":-1.5832751989364625},"rotation":{"x":0.13721145689487458,"y":0.7997448444366455,"z":-0.19979408383369447,"w":0.5492532849311829},"size":4.128698825836182,"orthographic":false}